page,views,issues,traffic_score,issue_score,process_criticality,legal_hr_sensitivity,feasibility,reported_score,reported_rank
Training & Learning,180907,44,100.0,100.0,85,80,65,88.0,1
HR Portal,158107,32,87.39683925995124,72.72727272727273,95,95,60,82.66118603380843,2
Technical Support,125973,24,69.63412139939305,54.54545454545454,90,85,80,74.81318791624224,3
General Intranet Homepage,96018,37,53.07588982184216,84.0909090909091,75,70,75,72.13790523709571,4
